Workbook
Name Segment_Centre_Intérêt: #N/A
Name Segment_Réseau_Social: #N/A
Name Segment_Segmentation_du_Public___Âge: #N/A
Name Segment_Segmentation_du_Public___Sexe: #N/A

Sheet DATA
A1: ID Campagne | B1: Réseau Social | C1: Date de Début | D1: Date de Fin | E1: Budget de la Campagne (€) | F1: Nombre de Vues | G1: Nombre de Clics | H1: Taux de Conversion (%) | I1: Ventes Générées (€) | J1: ROI | K1: Segmentation du Public - Âge | L1: Segmentation du Public - Sexe | M1: Centre Intérêt
A2: 1 | B2: Facebook | C2: 44293.363 | D2: 44540.355 | E2: 1394 | F2: 57620 | G2: 297 | H2: 0.0052 | I2: 3046 | J2: =(I2-E2)/E2 -> 1.1850789 | K2: 18-24 | L2: Homme | M2: Beauté
A3: 2 | B3: Twitter | C3: 44408.361 | D3: 44415.361 | E3: 5874 | F3: 84725 | G3: 1771 | H3: 0.0209 | I3: 28067 | J3: =(I3-E3)/E3 -> 3.778175 | K3: 18-24 | L3: Femme | M3: Beauté
A4: 3 | B4: Twitter | C4: 44256.696 | D4: 44514.307 | E4: 636 | F4: 48993 | G4: 2785 | H4: 0.0568 | I4: 2412 | J4: =(I4-E4)/E4 -> 2.7924528 | K4: 25-34 | L4: Femme | M4: Santé
A5: 4 | B5: Facebook | C5: 44486.347 | D5: 44493.347 | E5: 6773 | F5: 68398 | G5: 706 | H5: 0.0103 | I5: 21632 | J5: =(I5-E5)/E5 -> 2.193858 | K5: 25-34 | L5: Homme | M5: Lifestyle
A6: 5 | B6: Facebook | C6: 44285.474 | D6: 44513.962 | E6: 3919 | F6: 67439 | G6: 2220 | H6: 0.0329 | I6: 4710 | J6: =(I6-E6)/E6 -> 0.2018372 | K6: 25-34 | L6: Femme | M6: Santé
A7: 6 | B7: Facebook | C7: 44458.929 | D7: 44465.929 | E7: 668 | F7: 96952 | G7: 4442 | H7: 0.0458 | I7: 802 | J7: =(I7-E7)/E7 -> 0.2005988 | K7: 55+ | L7: Femme | M7: Beauté
A8: 7 | B8: Instagram | C8: 44201.335 | D8: 44229.789 | E8: 6504 | F8: 16352 | G8: 1259 | H8: 0.077 | I8: 4951 | J8: =(I8-E8)/E8 -> -0.23877614 | K8: 25-34 | L8: Femme | M8: Fitness
A9: 8 | B9: Twitter | C9: 44254.067 | D9: 44297.687 | E9: 3352 | F9: 65022 | G9: 1831 | H9: 0.0282 | I9: 14741 | J9: =(I9-E9)/E9 -> 3.397673 | K9: 55+ | L9: Femme | M9: Beauté
A10: 9 | B10: Facebook | C10: 44332.474 | D10: 44546.528 | E10: 4919 | F10: 91616 | G10: 2361 | H10: 0.0258 | I10: 15765 | J10: =(I10-E10)/E10 -> 2.2049197 | K10: 18-24 | L10: Femme | M10: Lifestyle
A11: 10 | B11: Facebook | C11: 44228.269 | D11: 44251.811 | E11: 8539 | F11: 90935 | G11: 3495 | H11: 0.0384 | I11: 31477 | J11: =(I11-E11)/E11 -> 2.686263 | K11: 55+ | L11: Femme | M11: Lifestyle
A12: 11 | B12: Instagram | C12: 44329.355 | D12: 44468.29 | E12: 9200 | F12: 15297 | G12: 2475 | H12: 0.1618 | I12: 5452 | J12: =(I12-E12)/E12 -> -0.4073913 | K12: 45-54 | L12: Homme | M12: Mode
A13: 12 | B13: Facebook | C13: 44366.744 | D13: 44472.622 | E13: 3686 | F13: 6896 | G13: 695 | H13: 0.1008 | I13: 17930 | J13: =(I13-E13)/E13 -> 3.8643516 | K13: 35-44 | L13: Femme | M13: Fitness
... A106: 105 | B106: Twitter | C106: 45306 | D106: 45328 | E106: 5950 | F106: 31976 | G106: 6496 | H106: 0.2032 | I106: 27275 | J106: =(I106-E106)/E106 -> 3.5840336 | K106: 18-24 | L106: Femme | M106: Beauté

Sheet REPORTING
D2: Reporting Global sur les Réseaux sociaux
A4: 1. Nombre campagne par réseau | D4: 2. Budget et ventes par Réseau
A6: Réseau | B6: Nombre de campagne | D6: Réseau | E6: Budget investi | F6: Ventes générées | G6: Différence
A7: Facebook | B7: =COUNTIF(DATA!B2:B106,"Facebook") -> 36 | D7: Facebook | E7: =SUMIF(DATA!B2:B106,"Facebook",DATA!E2:E106) -> 184371 | F7: =SUMIF(DATA!B2:B150,"Facebook",DATA!I3:L150) -> 555574 | G7: =F7-E7 -> 371203
A8: Instagram | B8: =COUNTIF(DATA!B2:B106,"Instagram") -> 41 | D8: Instagram | E8: =SUMIF(DATA!B2:B106,"Instagram",DATA!E2:E106) -> 237570 | F8: =SUMIF(DATA!B2:B150,"Instagram",DATA!I3:L150) -> 525073 | G8: =F8-E8 -> 287503
A9: Twitter | B9: =COUNTIF(DATA!B2:B106,"Twitter") -> 28 | D9: Twitter | E9: =SUMIF(DATA!B2:B106,"Twitter",DATA!E2:E106) -> 139315 | F9: =SUMIF(DATA!B2:B150,"Twitter",DATA!I3:L150) -> 386360 | G9: =F9-E9 -> 247045
A12: 3. Perfomance par Âge
A14: Tranche d'age | B14: Nombre total de campages | C14: Nombre total de vues | D14: Total de ventes générées | E14: Taux conversion moyen | F14: ROI
A15: 18-24 | B15: =COUNTIF(DATA!K2:K106,"18-24") -> 25 | C15: =SUMIF(DATA!K2:K150,"18-24",DATA!F2:F106) -> 1301419 | D15: =SUMIF(DATA!K2:K106,"18-24",DATA!I2:I150) -> 398209 | E15: =AVERAGEIF(DATA!K2:K106,"18-24",DATA!H2:H106) -> 0.11618 | F15: =AVERAGEIF(DATA!K2:K10,"18-24",DATA!J2:J150) -> 2.3893912
A16: 25-34 | B16: =COUNTIF(DATA!K2:K106,"25-34") -> 23 | C16: =SUMIF(DATA!K2:K150,"25-34",DATA!F2:F106) -> 1014367 | D16: =SUMIF(DATA!K2:K106,"25-34",DATA!I2:I150) -> 274382 | E16: =AVERAGEIF(DATA!K2:K150,"25-34",DATA!H2:H150) -> 0.1353913 | F16: =AVERAGEIF(DATA!K2:K150,"25-34",DATA!J2:J150) -> 1.413926
A17: 35-44 | B17: =COUNTIF(DATA!K2:K106,"35-44") -> 18 | C17: =SUMIF(DATA!K2:K150,"35-44",DATA!F2:F106) -> 949678 | D17: =SUMIF(DATA!K2:K106,"35-44",DATA!I2:I150) -> 270590 | E17: =AVERAGEIF(DATA!K2:K150,"35-44",DATA!H2:H150) -> 0.065416667 | F17: =AVERAGEIF(DATA!K2:K150,"35-44",DATA!J2:J150) -> 1.3913549
A18: 45-54 | B18: =COUNTIF(DATA!K2:K106,"45-54") -> 22 | C18: =SUMIF(DATA!K2:K150,"45-54",DATA!F2:F106) -> 1010551 | D18: =SUMIF(DATA!K2:K106,"45-54",DATA!I2:I150) -> 274285 | E18: =AVERAGEIF(DATA!K2:K150,"45-54",DATA!H2:H150) -> 0.080086364 | F18: =AVERAGEIF(DATA!K2:K150,"45-54",DATA!J2:J150) -> 1.5530207
A19: 55+ | B19: =COUNTIF(DATA!K2:K106,"55+") -> 17 | C19: =SUMIF(DATA!K2:K150,"55+",DATA!F2:F106) -> 1284616 | D19: =SUMIF(DATA!K2:K106,"55+",DATA!I2:I150) -> 252587 | E19: =AVERAGEIF(DATA!K2:K150,"55+",DATA!H2:H150) -> 0.033058824 | F19: =AVERAGEIF(DATA!K2:K150,"55+",DATA!J2:J150) -> 1.8011322
A22: 4. Recherche Campagne
A24: ID Campagne | B24: Réseau Social | C24: Date de Début | D24: Budget de la Campagne (€) | E24: ROI
A25: 1 | B25: =VLOOKUP(A25, DATA!A:J, 2, FALSE) -> Facebook | C25: =VLOOKUP(A25,DATA!A2:J106,3,FALSE) -> 44293.363 | D25: =VLOOKUP(A25,DATA!A2:E106,5,FALSE) -> 1394 | E25: =VLOOKUP(A25,DATA!A2:J150,10,FALSE) -> 1.1850789
A27: 5. Performance par intérêt
A29: Centre Intérêt | B29: Nombre total de campagnes | C29: Total des vues | D29: Total de ventes générées | E29: ROI moyen%
A30: Beauté | B30: =COUNTIF(DATA!M2:M150,"Beauté") -> 23 | C30: =SUMIF(DATA!M2:M107,"Beauté",DATA!F2:F106) -> 1216167 | D30: =SUMIF(DATA!M2:M106,"Beauté",DATA!I2:I106) -> 294810 | E30: =AVERAGEIF(DATA!M2:M150,"beauté",DATA!J2:J150) -> 1.7018403
A31: Fitness | B31: =COUNTIF(DATA!M2:M150,"Fitness") -> 18 | C31: =SUMIF(DATA!M2:M107,"Fitness",DATA!F2:F106) -> 992029 | D31: =SUMIF(DATA!M2:M106,"Fitness",DATA!I2:I106) -> 188467 | E31: =AVERAGEIF(DATA!M2:M150,"Fitness",DATA!J2:J150) -> 1.2948474
A32: Mode | B32: =COUNTIF(DATA!M2:M150,"Mode") -> 19 | C32: =SUMIF(DATA!M2:M107,"Mode",DATA!F2:F106) -> 1015447 | D32: =SUMIF(DATA!M2:M106,"Mode",DATA!I2:I106) -> 259371 | E32: =AVERAGEIF(DATA!M2:M150,"Fitness",DATA!J2:J150) -> 1.2948474
A33: Lifestyle | B33: =COUNTIF(DATA!M2:M150,"Lifestyle") -> 22 | C33: =SUMIF(DATA!M2:M107,"Lifestyle",DATA!F2:F106) -> 1024621 | D33: =SUMIF(DATA!M2:M106,"Lifestyle",DATA!I2:I106) -> 405530 | E33: =AVERAGEIF(DATA!M2:M150,"Lifestyle",DATA!J2:J150) -> 1.7252061
A34: Santé | B34: =COUNTIF(DATA!M2:M150,"Santé") -> 23 | C34: =SUMIF(DATA!M2:M107,"Santé",DATA!F2:F106) -> 1312367 | D34: =SUMIF(DATA!M2:M106,"Santé",DATA!I2:I106) -> 321875 | E34: =AVERAGEIF(DATA!M2:M150,"Santé",DATA!J2:J150) -> 1.9620465
A37: 6. Performance Sexe & Âges
A39: Sexes & Âges | B39: Campagnes | C39: Nombre de Vues | D39: Ventes Générées (€) | E39: Moyenne de ROI
A40: Femme | B40: 2868 | C40: 3426042 | D40: 827006 | E40: 1.7416835
A41: 18-24 | B41: 766 | C41: 969952 | D41: 285491 | E41: 2.0741981
A42: 25-34 | B42: 434 | C42: 345205 | D42: 113669 | E42: 1.5339585
A43: 35-44 | B43: 532 | C43: 562345 | D43: 149062 | E43: 1.43194
A44: 45-54 | B44: 537 | C44: 536408 | D44: 109389 | E44: 1.688438
A45: 55+ | B45: 599 | C45: 1012132 | D45: 169395 | E45: 1.781045
A46: Homme | B46: 2697 | C46: 2134589 | D46: 643047 | E46: 1.4704013
A47: 18-24 | B47: 459 | C47: 331467 | D47: 112718 | E47: 1.6391864
A48: 25-34 | B48: 842 | C48: 669162 | D48: 160713 | E48: 1.3367623
A49: 35-44 | B49: 557 | C49: 387333 | D49: 121528 | E49: 1.3406235
A50: 45-54 | B50: 597 | C50: 474143 | D50: 164896 | E50: 1.440173
A51: 55+ | B51: 242 | C51: 272484 | D51: 83192 | E51: 1.8664156
A52: Total général | B52: 5565 | C52: 5560631 | D52: 1470053 | E52: 1.6176688

Sheet DASHBOARD

Sheet TCD
A3: Somme de ID Campagne | C3: Somme de Budget de la Campagne (€) | E3: Somme de Ventes Générées (€)
A4: 5565 | C4: 561256 | E4: 1470053
A6: Moyenne de ROI | C6: Moyenne de Taux de Conversion (%)
A7: 1.6176688 | C7: 0.090665714
A9: Réseau Social | B9: Somme de Ventes Générées (€) | C9: Moyenne de ROI | E9: Somme de Ventes Générées (€) | F9: Étiquettes de colonnes
A10: Facebook | B10: 497803 | C10: 1.6103558 | E10: Réseau Social | F10: Femme | G10: Homme | H10: Total général
A11: Instagram | B11: 561028 | C11: 1.4655934 | E11: 18-24 | F11: 285491 | G11: 112718 | H11: 398209
A12: Twitter | B12: 411222 | C12: 1.8497531 | E12: 25-34 | F12: 113669 | G12: 160713 | H12: 274382
A13: Total général | B13: 1470053 | C13: 1.6176688 | E13: 35-44 | F13: 149062 | G13: 121528 | H13: 270590
E14: 45-54 | F14: 109389 | G14: 164896 | H14: 274285
E15: 55+ | F15: 169395 | G15: 83192 | H15: 252587
E16: Total général | F16: 827006 | G16: 643047 | H16: 1470053
A17: Moyenne de Taux de Conversion (%) | B17: Étiquettes de colonnes
A18: Réseau Social | B18: Femme | C18: Homme | D18: Total général
A19: 18-24 | B19: 0.05818 | C19: 0.20318 | D19: 0.11618
A20: 25-34 | B20: 0.11222222 | C20: 0.15028571 | D20: 0.1353913 | F20: Réseau Social | G20: Somme de Ventes Générées (€) | H20: Moyenne de ROI
A21: 35-44 | B21: 0.06941 | C21: 0.060425 | D21: 0.065416667 | F21: Beauté | G21: 294810 | H21: 1.7018403
A22: 45-54 | B22: 0.04661 | C22: 0.10798333 | D22: 0.080086364 | F22: Fitness | G22: 188467 | H22: 1.2948474
A23: 55+ | B23: 0.034953846 | C23: 0.0269 | D23: 0.033058824 | F23: Lifestyle | G23: 405530 | H23: 1.7252061
A24: Total général | B24: 0.06135614 | C24: 0.12547083 | D24: 0.090665714 | F24: Mode | G24: 259371 | H24: 1.2802127
F25: Santé | G25: 321875 | H25: 1.9620465
F26: Total général | G26: 1470053 | H26: 1.6176688
